modelo,split,alvo_delta,MAE,RMSE,corr,configuracao,grupo_removido,n_features,semente,melhor_epoca,MAE_referencia,delta_MAE,delta_MAE_pct
MLP,validacao,delta_depth_p10_m,0.062326611546142004,0.09057787904472181,0.364037359371081,Todas as entradas,Nenhum,52,21,32,0.062326611546142004,0.0,0.0
MLP,validacao,delta_depth_p50_m,0.19989270995206693,0.2862482146573797,0.43563118696886155,Todas as entradas,Nenhum,52,21,32,0.19989270995206693,0.0,0.0
MLP,validacao,delta_depth_p90_m,1.159770854288838,3.262216003533127,0.14502897034341436,Todas as entradas,Nenhum,52,21,32,1.159770854288838,0.0,0.0
MLP,validacao,delta_depth_close_2m_pp,1.1361823853793527,1.7446716284467756,0.5528969771556652,Todas as entradas,Nenhum,52,21,32,1.1361823853793527,0.0,0.0
MLP,validacao,delta_depth_close_5m_pp,1.389594420885174,1.7895047873886354,0.5188053316899685,Todas as entradas,Nenhum,52,21,32,1.389594420885174,0.0,0.0
MLP,validacao,delta_depth_close_10m_pp,0.8821392088590073,1.1666040361760897,0.5423720920198329,Todas as entradas,Nenhum,52,21,32,0.8821392088590073,0.0,0.0
MLP,teste,delta_depth_p10_m,0.08872678624886957,0.23176638739022992,0.22009540832454258,Todas as entradas,Nenhum,52,21,32,0.08872678624886957,0.0,0.0
MLP,teste,delta_depth_p50_m,0.17948897800190336,0.2700143402657409,0.1819265340732585,Todas as entradas,Nenhum,52,21,32,0.17948897800190336,0.0,0.0
MLP,teste,delta_depth_p90_m,0.9298173297268457,1.562908895345155,0.01460513638518762,Todas as entradas,Nenhum,52,21,32,0.9298173297268457,0.0,0.0
MLP,teste,delta_depth_close_2m_pp,1.0235444487981558,1.592897887935862,0.206215199216597,Todas as entradas,Nenhum,52,21,32,1.0235444487981558,0.0,0.0
MLP,teste,delta_depth_close_5m_pp,1.7601244119324158,2.855993204780952,0.1804502664844486,Todas as entradas,Nenhum,52,21,32,1.7601244119324158,0.0,0.0
MLP,teste,delta_depth_close_10m_pp,0.8161416257902834,1.142903262544696,0.4063636337045855,Todas as entradas,Nenhum,52,21,32,0.8161416257902834,0.0,0.0
MLP,validacao,delta_depth_p10_m,0.0676433667978813,0.09745359777294366,0.295680425765524,Todas as entradas,Nenhum,52,42,116,0.0676433667978813,0.0,0.0
MLP,validacao,delta_depth_p50_m,0.19678962808102368,0.2756361146208633,0.4993719443503539,Todas as entradas,Nenhum,52,42,116,0.19678962808102368,0.0,0.0
MLP,validacao,delta_depth_p90_m,1.201333108853642,3.3194825391325904,0.03772575641904064,Todas as entradas,Nenhum,52,42,116,1.201333108853642,0.0,0.0
MLP,validacao,delta_depth_close_2m_pp,1.1978100406351802,1.7001135651805153,0.5277182258328608,Todas as entradas,Nenhum,52,42,116,1.1978100406351802,0.0,0.0
MLP,validacao,delta_depth_close_5m_pp,1.4182106781901573,1.8258094241030858,0.4814747740668539,Todas as entradas,Nenhum,52,42,116,1.4182106781901573,0.0,0.0
MLP,validacao,delta_depth_close_10m_pp,0.8463452151436393,1.1491242290998227,0.5816352723275913,Todas as entradas,Nenhum,52,42,116,0.8463452151436393,0.0,0.0
MLP,teste,delta_depth_p10_m,0.09632765321739462,0.2484123429655712,-0.07368877404569149,Todas as entradas,Nenhum,52,42,116,0.09632765321739462,0.0,0.0
MLP,teste,delta_depth_p50_m,0.185302600462703,0.28011645540783603,0.004709174612772379,Todas as entradas,Nenhum,52,42,116,0.185302600462703,0.0,0.0
MLP,teste,delta_depth_p90_m,0.923135912076798,1.653643080663381,-0.21029500245018518,Todas as entradas,Nenhum,52,42,116,0.923135912076798,0.0,0.0
MLP,teste,delta_depth_close_2m_pp,1.0490709682790305,1.7509971052125335,-0.11383722089458852,Todas as entradas,Nenhum,52,42,116,1.0490709682790305,0.0,0.0
MLP,teste,delta_depth_close_5m_pp,1.8219351858622643,2.986273489236605,-0.01959593397602425,Todas as entradas,Nenhum,52,42,116,1.8219351858622643,0.0,0.0
MLP,teste,delta_depth_close_10m_pp,0.8544717183210602,1.1699400277304979,0.28973086714198487,Todas as entradas,Nenhum,52,42,116,0.8544717183210602,0.0,0.0
MLP,validacao,delta_depth_p10_m,0.06367303980569178,0.09210676733007296,0.33754039519150564,Todas as entradas,Nenhum,52,84,22,0.06367303980569178,0.0,0.0
MLP,validacao,delta_depth_p50_m,0.2013256567365983,0.28469772794551806,0.4864225745118477,Todas as entradas,Nenhum,52,84,22,0.2013256567365983,0.0,0.0
MLP,validacao,delta_depth_p90_m,1.1526313451175905,3.2503122097969093,0.1780550285889649,Todas as entradas,Nenhum,52,84,22,1.1526313451175905,0.0,0.0
MLP,validacao,delta_depth_close_2m_pp,1.120390941079035,1.7302517247286553,0.5612190390195944,Todas as entradas,Nenhum,52,84,22,1.120390941079035,0.0,0.0
MLP,validacao,delta_depth_close_5m_pp,1.3509588505785146,1.785555392044136,0.5386664122531079,Todas as entradas,Nenhum,52,84,22,1.3509588505785146,0.0,0.0
MLP,validacao,delta_depth_close_10m_pp,0.8709211434408002,1.1815864649373484,0.5736223357738722,Todas as entradas,Nenhum,52,84,22,0.8709211434408002,0.0,0.0
MLP,teste,delta_depth_p10_m,0.09112127768098484,0.23511827751535955,0.16516560343113132,Todas as entradas,Nenhum,52,84,22,0.09112127768098484,0.0,0.0
MLP,teste,delta_depth_p50_m,0.1751227571153419,0.26656599913029283,0.2042163949699491,Todas as entradas,Nenhum,52,84,22,0.1751227571153419,0.0,0.0
MLP,teste,delta_depth_p90_m,0.9258965420762096,1.6097739597097849,-0.1703655575554315,Todas as entradas,Nenhum,52,84,22,0.9258965420762096,0.0,0.0
MLP,teste,delta_depth_close_2m_pp,1.0586362442217192,1.6538097079295047,0.07987444003163591,Todas as entradas,Nenhum,52,84,22,1.0586362442217192,0.0,0.0
MLP,teste,delta_depth_close_5m_pp,1.7378282747955924,2.8001568708601563,0.25030348384624496,Todas as entradas,Nenhum,52,84,22,1.7378282747955924,0.0,0.0
MLP,teste,delta_depth_close_10m_pp,0.828562366184958,1.1331179034216272,0.4247357429581666,Todas as entradas,Nenhum,52,84,22,0.828562366184958,0.0,0.0
MLP,validacao,delta_depth_p10_m,0.06806766334153735,0.09829691130368781,0.2539872458870346,Sem Comandos reativos,Comandos reativos,47,21,63,0.062326611546142004,0.005741051795395351,9.211236826415794
MLP,validacao,delta_depth_p50_m,0.19753259325071293,0.28114440599998813,0.4590317002420695,Sem Comandos reativos,Comandos reativos,47,21,63,0.19989270995206693,-0.002360116701353998,-1.1806917330401594
MLP,validacao,delta_depth_p90_m,1.1787322847790005,3.306662694398887,0.05520652627338319,Sem Comandos reativos,Comandos reativos,47,21,63,1.159770854288838,0.018961430490162412,1.634929039649768
MLP,validacao,delta_depth_close_2m_pp,1.1662510352472857,1.6783481395785098,0.5542248665651498,Sem Comandos reativos,Comandos reativos,47,21,63,1.1361823853793527,0.030068649867933006,2.6464633015669907
MLP,validacao,delta_depth_close_5m_pp,1.3318979033205645,1.7608140366424245,0.5373744390497018,Sem Comandos reativos,Comandos reativos,47,21,63,1.389594420885174,-0.057696517564609584,-4.15204009871145
MLP,validacao,delta_depth_close_10m_pp,0.8608270020572544,1.147397593551305,0.5784379870849631,Sem Comandos reativos,Comandos reativos,47,21,63,0.8821392088590073,-0.021312206801752942,-2.41596865752277
MLP,teste,delta_depth_p10_m,0.09287336528613488,0.23976667709086838,0.0636588351864425,Sem Comandos reativos,Comandos reativos,47,21,63,0.08872678624886957,0.004146579037265313,4.673424128802077
MLP,teste,delta_depth_p50_m,0.1847853066419509,0.27730842338035155,0.11933207412879715,Sem Comandos reativos,Comandos reativos,47,21,63,0.17948897800190336,0.005296328640047532,2.950782103172579
MLP,teste,delta_depth_p90_m,0.9573461800489198,1.6353607561943624,-0.07870961294427019,Sem Comandos reativos,Comandos reativos,47,21,63,0.9298173297268457,0.027528850322074083,2.960672966824708
MLP,teste,delta_depth_close_2m_pp,1.0974604448912284,1.7100753851751822,0.027719359886980068,Sem Comandos reativos,Comandos reativos,47,21,63,1.0235444487981558,0.07391599609307264,7.2215716845384375
MLP,teste,delta_depth_close_5m_pp,1.776571893606315,2.881103282535093,0.15026266438729244,Sem Comandos reativos,Comandos reativos,47,21,63,1.7601244119324158,0.01644748167389931,0.9344499492420456
MLP,teste,delta_depth_close_10m_pp,0.8356115487678177,1.170743988450042,0.33995112365716057,Sem Comandos reativos,Comandos reativos,47,21,63,0.8161416257902834,0.01946992297753436,2.385605924545426
MLP,validacao,delta_depth_p10_m,0.06721368522602367,0.09829515220689927,0.3578403449571622,Sem Comandos reativos,Comandos reativos,47,42,63,0.0676433667978813,-0.0004296815718576319,-0.6352161227301452
MLP,validacao,delta_depth_p50_m,0.1966880945598378,0.2815396397769996,0.44731077289258453,Sem Comandos reativos,Comandos reativos,47,42,63,0.19678962808102368,-0.00010153352118588699,-0.05159495557564795
MLP,validacao,delta_depth_p90_m,1.1271506986216777,3.2941736346726764,0.0770304498169809,Sem Comandos reativos,Comandos reativos,47,42,63,1.201333108853642,-0.07418241023196437,-6.175007554961343
MLP,validacao,delta_depth_close_2m_pp,1.1811812531939188,1.6071582327753635,0.5911328886380276,Sem Comandos reativos,Comandos reativos,47,42,63,1.1978100406351802,-0.016628787441261395,-1.3882658248918507
MLP,validacao,delta_depth_close_5m_pp,1.3406780586531728,1.7422340908164144,0.5470137669459526,Sem Comandos reativos,Comandos reativos,47,42,63,1.4182106781901573,-0.07753261953698454,-5.46693243319303
MLP,validacao,delta_depth_close_10m_pp,0.8434749261702938,1.11821618659493,0.5681816365528362,Sem Comandos reativos,Comandos reativos,47,42,63,0.8463452151436393,-0.002870288973345403,-0.33913926870352373
MLP,teste,delta_depth_p10_m,0.09331830465854203,0.24293872821497056,-0.0018293216128262282,Sem Comandos reativos,Comandos reativos,47,42,63,0.09632765321739462,-0.0030093485588525842,-3.124075442864794
MLP,teste,delta_depth_p50_m,0.1846966227575978,0.27332034132045474,0.110221598737215,Sem Comandos reativos,Comandos reativos,47,42,63,0.185302600462703,-0.000605977705105204,-0.3270206157884831
MLP,teste,delta_depth_p90_m,0.9425659648952709,1.6292198761486452,-0.12897970332323772,Sem Comandos reativos,Comandos reativos,47,42,63,0.923135912076798,0.019430052818472876,2.1047878827247315
MLP,teste,delta_depth_close_2m_pp,1.0732531042588735,1.7203562226380271,-0.02778670284092113,Sem Comandos reativos,Comandos reativos,47,42,63,1.0490709682790305,0.02418213597984309,2.305100103905569
MLP,teste,delta_depth_close_5m_pp,1.8167708703345233,2.916790033919021,0.09636781613973072,Sem Comandos reativos,Comandos reativos,47,42,63,1.8219351858622643,-0.0051643155277409925,-0.2834522088279932
MLP,teste,delta_depth_close_10m_pp,0.8399265396064755,1.1791812405947741,0.26399131410116283,Sem Comandos reativos,Comandos reativos,47,42,63,0.8544717183210602,-0.014545178714584717,-1.7022422629931322
MLP,validacao,delta_depth_p10_m,0.061411711719321214,0.09396614844699545,0.36832947938174676,Sem Comandos reativos,Comandos reativos,47,84,102,0.06367303980569178,-0.0022613280863705634,-3.551468711516458
MLP,validacao,delta_depth_p50_m,0.19282293372294482,0.2789908386355804,0.48205153457279387,Sem Comandos reativos,Comandos reativos,47,84,102,0.2013256567365983,-0.008502723013653485,-4.22336782677327
MLP,validacao,delta_depth_p90_m,1.1167142070717948,3.2914744835832583,0.08014765321690613,Sem Comandos reativos,Comandos reativos,47,84,102,1.1526313451175905,-0.03591713804579566,-3.1160993667174153
MLP,validacao,delta_depth_close_2m_pp,1.0931381387242307,1.5657153348831345,0.651297360664855,Sem Comandos reativos,Comandos reativos,47,84,102,1.120390941079035,-0.027252802354804206,-2.43243687141538
MLP,validacao,delta_depth_close_5m_pp,1.3517290115347886,1.7558729262329609,0.5422788312067938,Sem Comandos reativos,Comandos reativos,47,84,102,1.3509588505785146,0.0007701609562740241,0.05700846890667483
MLP,validacao,delta_depth_close_10m_pp,0.846442073743246,1.145698719845843,0.5713544784602521,Sem Comandos reativos,Comandos reativos,47,84,102,0.8709211434408002,-0.0244790696975542,-2.8107102327132947
MLP,teste,delta_depth_p10_m,0.09152465857580422,0.23941912337164323,0.0700565749742649,Sem Comandos reativos,Comandos reativos,47,84,102,0.09112127768098484,0.0004033808948193801,0.44268573168125974
MLP,teste,delta_depth_p50_m,0.18487717186477273,0.27597430677340745,0.044760234266260426,Sem Comandos reativos,Comandos reativos,47,84,102,0.1751227571153419,0.00975441474943084,5.570044070860674
MLP,teste,delta_depth_p90_m,0.9214476460226851,1.6439906000114948,-0.1901447772467161,Sem Comandos reativos,Comandos reativos,47,84,102,0.9258965420762096,-0.004448896053524498,-0.48049602210938097
MLP,teste,delta_depth_close_2m_pp,1.0726993785356171,1.6978235094398169,-0.07734358546318656,Sem Comandos reativos,Comandos reativos,47,84,102,1.0586362442217192,0.01406313431389794,1.3284198789393213
MLP,teste,delta_depth_close_5m_pp,1.83189038331608,2.917780553570736,0.0707307586638276,Sem Comandos reativos,Comandos reativos,47,84,102,1.7378282747955924,0.09406210852048758,5.412623898730811
MLP,teste,delta_depth_close_10m_pp,0.8154267674899336,1.115939586295047,0.4322549992336409,Sem Comandos reativos,Comandos reativos,47,84,102,0.828562366184958,-0.013135598695024453,-1.5853482165146062
MLP,validacao,delta_depth_p10_m,0.0632213060935843,0.09596328375666918,0.2823502433000113,Sem Diferenca de imagem,Diferenca de imagem,48,21,33,0.062326611546142004,0.0008946945474422943,1.4354936442837565
MLP,validacao,delta_depth_p50_m,0.20381878271479817,0.2889881102418677,0.42449822992669434,Sem Diferenca de imagem,Diferenca de imagem,48,21,33,0.19989270995206693,0.003926072762731242,1.964090017926462
MLP,validacao,delta_depth_p90_m,1.1677712620621818,3.270232848575751,0.11624945318971334,Sem Diferenca de imagem,Diferenca de imagem,48,21,33,1.159770854288838,0.008000407773343765,0.6898265932238442
MLP,validacao,delta_depth_close_2m_pp,1.1380216737459277,1.7071148730870125,0.5573177913890772,Sem Diferenca de imagem,Diferenca de imagem,48,21,33,1.1361823853793527,0.001839288366574987,0.16188319676870178
MLP,validacao,delta_depth_close_5m_pp,1.3733402408804978,1.7923567942880005,0.5273926744140688,Sem Diferenca de imagem,Diferenca de imagem,48,21,33,1.389594420885174,-0.016254180004676266,-1.1697067691393237
MLP,validacao,delta_depth_close_10m_pp,0.8679199018304216,1.1834265122950125,0.5461853579655431,Sem Diferenca de imagem,Diferenca de imagem,48,21,33,0.8821392088590073,-0.01421930702858576,-1.6119119165984648
MLP,teste,delta_depth_p10_m,0.089546033148804,0.23329607090343585,0.1878587077712546,Sem Diferenca de imagem,Diferenca de imagem,48,21,33,0.08872678624886957,0.0008192468999344282,0.9233366095741645
MLP,teste,delta_depth_p50_m,0.18762043980445633,0.27752814644050977,0.10982617140738235,Sem Diferenca de imagem,Diferenca de imagem,48,21,33,0.17948897800190336,0.008131461802552975,4.530340466068477
MLP,teste,delta_depth_p90_m,0.8712913724185126,1.5128233785301124,0.13670402005141505,Sem Diferenca de imagem,Diferenca de imagem,48,21,33,0.9298173297268457,-0.0585259573083331,-6.294350023087479
MLP,teste,delta_depth_close_2m_pp,1.0352587001927647,1.621792979243624,0.14223291257883686,Sem Diferenca de imagem,Diferenca de imagem,48,21,33,1.0235444487981558,0.01171425139460891,1.1444790119631605
MLP,teste,delta_depth_close_5m_pp,1.7846898727466975,2.829853945976967,0.20387888675494759,Sem Diferenca de imagem,Diferenca de imagem,48,21,33,1.7601244119324158,0.024565460814281792,1.3956661613091157
MLP,teste,delta_depth_close_10m_pp,0.8178217298522445,1.146852862104258,0.3945862583200382,Sem Diferenca de imagem,Diferenca de imagem,48,21,33,0.8161416257902834,0.001680104061961174,0.20585937646965397
MLP,validacao,delta_depth_p10_m,0.06351848330951283,0.09158997910720544,0.34159861259159885,Sem Diferenca de imagem,Diferenca de imagem,48,42,36,0.0676433667978813,-0.0041248834883684665,-6.097986666887292
MLP,validacao,delta_depth_p50_m,0.20483526520650178,0.2894901536680834,0.41635562994515163,Sem Diferenca de imagem,Diferenca de imagem,48,42,36,0.19678962808102368,0.008045637125478095,4.088445719387957
MLP,validacao,delta_depth_p90_m,1.1408002594662856,3.2825377642010864,0.07678401714057269,Sem Diferenca de imagem,Diferenca de imagem,48,42,36,1.201333108853642,-0.06053284938735648,-5.038806384443965
MLP,validacao,delta_depth_close_2m_pp,1.1887615431617151,1.7794409909597317,0.46106743798635486,Sem Diferenca de imagem,Diferenca de imagem,48,42,36,1.1978100406351802,-0.009048497473465034,-0.7554200721732768
MLP,validacao,delta_depth_close_5m_pp,1.3803828345209375,1.810029508250466,0.5091611302611434,Sem Diferenca de imagem,Diferenca de imagem,48,42,36,1.4182106781901573,-0.037827843669219874,-2.6672936715928337
MLP,validacao,delta_depth_close_10m_pp,0.8542835505981416,1.1848480130601744,0.5763774475099507,Sem Diferenca de imagem,Diferenca de imagem,48,42,36,0.8463452151436393,0.007938335454502399,0.9379547863521775
MLP,teste,delta_depth_p10_m,0.0908455239700507,0.23320026626501952,0.1927309482121758,Sem Diferenca de imagem,Diferenca de imagem,48,42,36,0.09632765321739462,-0.0054821292473439115,-5.6911271729746264
MLP,teste,delta_depth_p50_m,0.18473950078948698,0.27385655945273485,0.11562248898634324,Sem Diferenca de imagem,Diferenca de imagem,48,42,36,0.185302600462703,-0.0005630996732160221,-0.3038811499730467
MLP,teste,delta_depth_p90_m,0.8753208924156732,1.5346375799801302,0.09282174825588446,Sem Diferenca de imagem,Diferenca de imagem,48,42,36,0.923135912076798,-0.04781501966112478,-5.179629460363462
MLP,teste,delta_depth_close_2m_pp,1.1194403364082819,1.7034400699106573,0.05154428904215658,Sem Diferenca de imagem,Diferenca de imagem,48,42,36,1.0490709682790305,0.07036936812925143,6.707779574216058
MLP,teste,delta_depth_close_5m_pp,1.7612660064769443,2.7918462689892487,0.2438256977894364,Sem Diferenca de imagem,Diferenca de imagem,48,42,36,1.8219351858622643,-0.060669179385320016,-3.3299307163117997
MLP,teste,delta_depth_close_10m_pp,0.828888486236231,1.1279392271742494,0.4551728007170805,Sem Diferenca de imagem,Diferenca de imagem,48,42,36,0.8544717183210602,-0.025583232084829155,-2.994040825025467
MLP,validacao,delta_depth_p10_m,0.06234699538908832,0.09154904307662586,0.34041565300008164,Sem Diferenca de imagem,Diferenca de imagem,48,84,20,0.06367303980569178,-0.0013260444166034585,-2.082583807291265
MLP,validacao,delta_depth_p50_m,0.20141742775107133,0.28780517076852824,0.4476965688113476,Sem Diferenca de imagem,Diferenca de imagem,48,84,20,0.2013256567365983,9.177101447302438e-05,0.04558336774387963
MLP,validacao,delta_depth_p90_m,1.1261263184690025,3.1834798914855527,0.374213532735286,Sem Diferenca de imagem,Diferenca de imagem,48,84,20,1.1526313451175905,-0.026505026648588004,-2.2995233264182993
MLP,validacao,delta_depth_close_2m_pp,1.1452074051372405,1.7519470957694427,0.5496227003113597,Sem Diferenca de imagem,Diferenca de imagem,48,84,20,1.120390941079035,0.02481646405820559,2.2149825697720433
MLP,validacao,delta_depth_close_5m_pp,1.3777777285844102,1.805506399239449,0.5235164346330763,Sem Diferenca de imagem,Diferenca de imagem,48,84,20,1.3509588505785146,0.026818878005895552,1.985173567234193
MLP,validacao,delta_depth_close_10m_pp,0.8574881095582146,1.170179963358682,0.6253563959736756,Sem Diferenca de imagem,Diferenca de imagem,48,84,20,0.8709211434408002,-0.013433033882585543,-1.542393818746305
MLP,teste,delta_depth_p10_m,0.08789919889011646,0.2267634970075034,0.3262246103724265,Sem Diferenca de imagem,Diferenca de imagem,48,84,20,0.09112127768098484,-0.003222078790868374,-3.536033375375679
MLP,teste,delta_depth_p50_m,0.18263064204972793,0.26990224738006025,0.17624844467568299,Sem Diferenca de imagem,Diferenca de imagem,48,84,20,0.1751227571153419,0.007507884934386033,4.287212614772322
MLP,teste,delta_depth_p90_m,0.9116572288565952,1.571323855583125,-0.08138244563217166,Sem Diferenca de imagem,Diferenca de imagem,48,84,20,0.9258965420762096,-0.014239313219614469,-1.5378946321242923
MLP,teste,delta_depth_close_2m_pp,1.0464738217771345,1.575579772231983,0.2548102919654248,Sem Diferenca de imagem,Diferenca de imagem,48,84,20,1.0586362442217192,-0.012162422444584653,-1.1488764446683135
MLP,teste,delta_depth_close_5m_pp,1.7649420021885778,2.7632270469494262,0.282047874384507,Sem Diferenca de imagem,Diferenca de imagem,48,84,20,1.7378282747955924,0.027113727392985343,1.5602075179824384
MLP,teste,delta_depth_close_10m_pp,0.831352857097722,1.1394755537063685,0.4512624202333418,Sem Diferenca de imagem,Diferenca de imagem,48,84,20,0.828562366184958,0.0027904909127639543,0.33678706958566346
MLP,validacao,delta_depth_p10_m,0.06548040122999055,0.09627988278302796,0.2731550126371394,Sem IMU e atitude,IMU e atitude,32,21,64,0.062326611546142004,0.0031537896838485444,5.060101304422289
MLP,validacao,delta_depth_p50_m,0.21379510845769853,0.30140612402295874,0.3045086764817097,Sem IMU e atitude,IMU e atitude,32,21,64,0.19989270995206693,0.013902398505631602,6.954930226802826
MLP,validacao,delta_depth_p90_m,1.1675865478181282,3.305113198187172,-0.02692129990394258,Sem IMU e atitude,IMU e atitude,32,21,64,1.159770854288838,0.007815693529290124,0.6738998053268586
MLP,validacao,delta_depth_close_2m_pp,1.1541217831548933,1.7404530569012402,0.5743783334052674,Sem IMU e atitude,IMU e atitude,32,21,64,1.1361823853793527,0.017939397775540655,1.5789188431706749
MLP,validacao,delta_depth_close_5m_pp,1.4510285296655425,1.9197789182726883,0.413189373328127,Sem IMU e atitude,IMU e atitude,32,21,64,1.389594420885174,0.06143410878036848,4.421010034081372
MLP,validacao,delta_depth_close_10m_pp,0.9343988458179999,1.2538195884482013,0.38505587860157875,Sem IMU e atitude,IMU e atitude,32,21,64,0.8821392088590073,0.052259636958992606,5.924193872596053
MLP,teste,delta_depth_p10_m,0.09928450918622901,0.24884970846441387,-0.1710237810078403,Sem IMU e atitude,IMU e atitude,32,21,64,0.08872678624886957,0.010557722937359446,11.899138223879891
MLP,teste,delta_depth_p50_m,0.1992101352661848,0.28490900291851223,-0.014240179696629569,Sem IMU e atitude,IMU e atitude,32,21,64,0.17948897800190336,0.019721157264281447,10.987391807463696
MLP,teste,delta_depth_p90_m,0.8716373167686818,1.5393406227587803,0.007262950702155488,Sem IMU e atitude,IMU e atitude,32,21,64,0.9298173297268457,-0.058180012958163885,-6.25714439794917
MLP,teste,delta_depth_close_2m_pp,1.1854926591796027,1.850592855069426,-0.20874744175679033,Sem IMU e atitude,IMU e atitude,32,21,64,1.0235444487981558,0.1619482103814469,15.822293850707336
MLP,teste,delta_depth_close_5m_pp,1.9023619754112355,3.03424814051984,-0.058302519190384865,Sem IMU e atitude,IMU e atitude,32,21,64,1.7601244119324158,0.14223756347881977,8.081108500884842
MLP,teste,delta_depth_close_10m_pp,0.9164277581624041,1.2610973935511243,0.06130153165570876,Sem IMU e atitude,IMU e atitude,32,21,64,0.8161416257902834,0.1002861323721207,12.287834513404702
MLP,validacao,delta_depth_p10_m,0.06369230910369197,0.09476167505540935,0.2312611969291095,Sem IMU e atitude,IMU e atitude,32,42,41,0.0676433667978813,-0.003951057694189325,-5.8410127721689316
MLP,validacao,delta_depth_p50_m,0.21940778584822135,0.30789571787728115,0.20732600659574507,Sem IMU e atitude,IMU e atitude,32,42,41,0.19678962808102368,0.022618157767197666,11.493572089015359
MLP,validacao,delta_depth_p90_m,1.1839982076276476,3.2775504927779604,0.0889849885819115,Sem IMU e atitude,IMU e atitude,32,42,41,1.201333108853642,-0.01733490122599446,-1.4429720697980333
MLP,validacao,delta_depth_close_2m_pp,1.242988540208556,1.8908210041844133,0.3073161329044043,Sem IMU e atitude,IMU e atitude,32,42,41,1.1978100406351802,0.04517849957337594,3.7717582956157623
MLP,validacao,delta_depth_close_5m_pp,1.4905481941112906,1.9578914051702803,0.3421762215428775,Sem IMU e atitude,IMU e atitude,32,42,41,1.4182106781901573,0.07233751592113324,5.100618478874127
MLP,validacao,delta_depth_close_10m_pp,0.9294410342214499,1.2921143846679102,0.2786330401938785,Sem IMU e atitude,IMU e atitude,32,42,41,0.8463452151436393,0.0830958190778106,9.818194466156204
MLP,teste,delta_depth_p10_m,0.0952297586870918,0.24362157132448187,-0.10602540748957612,Sem IMU e atitude,IMU e atitude,32,42,41,0.09632765321739462,-0.0010978945303028176,-1.1397501066750397
MLP,teste,delta_depth_p50_m,0.1965519018530687,0.28449800093922806,-0.008574538069605996,Sem IMU e atitude,IMU e atitude,32,42,41,0.185302600462703,0.011249301390365701,6.07077362232157
MLP,teste,delta_depth_p90_m,0.9121796639742666,1.6095972189296643,-0.09485165843125276,Sem IMU e atitude,IMU e atitude,32,42,41,0.923135912076798,-0.010956248102531374,-1.1868510323558832
MLP,teste,delta_depth_close_2m_pp,1.1612199746961507,1.7574001493489044,-0.10281473588831189,Sem IMU e atitude,IMU e atitude,32,42,41,1.0490709682790305,0.11214900641712022,10.690316461725875
MLP,teste,delta_depth_close_5m_pp,1.9403029156500782,2.973088208445204,0.005517780366992965,Sem IMU e atitude,IMU e atitude,32,42,41,1.8219351858622643,0.11836772978781385,6.496813427081059
MLP,teste,delta_depth_close_10m_pp,0.8885381169624297,1.2390336903019254,0.10058516586233654,Sem IMU e atitude,IMU e atitude,32,42,41,0.8544717183210602,0.03406639864136951,3.986837470560888
MLP,validacao,delta_depth_p10_m,0.06260237527792135,0.0935128929781974,0.3077662221317737,Sem IMU e atitude,IMU e atitude,32,84,56,0.06367303980569178,-0.0010706645277704235,-1.6815037118342764
MLP,validacao,delta_depth_p50_m,0.21673762872815133,0.30369074061012336,0.26369250412901934,Sem IMU e atitude,IMU e atitude,32,84,56,0.2013256567365983,0.01541197199155303,7.655244861173892
MLP,validacao,delta_depth_p90_m,1.1847240181970846,3.304047513846299,-0.012345980837177794,Sem IMU e atitude,IMU e atitude,32,84,56,1.1526313451175905,0.03209267307949415,2.7842964027861035
MLP,validacao,delta_depth_close_2m_pp,1.2678137502670699,1.7758461633953384,0.49247203924373373,Sem IMU e atitude,IMU e atitude,32,84,56,1.120390941079035,0.14742280918803496,13.158157905672981
MLP,validacao,delta_depth_close_5m_pp,1.4450476468056235,1.900935800933477,0.4228210105330737,Sem IMU e atitude,IMU e atitude,32,84,56,1.3509588505785146,0.09408879622710886,6.964593791055713
MLP,validacao,delta_depth_close_10m_pp,0.9182714680253412,1.240693231927321,0.415837237028836,Sem IMU e atitude,IMU e atitude,32,84,56,0.8709211434408002,0.047350324584541026,5.4368096286503365
MLP,teste,delta_depth_p10_m,0.09477696596927418,0.24135557358264326,-0.0406568080298275,Sem IMU e atitude,IMU e atitude,32,84,56,0.09112127768098484,0.003655688288289341,4.011893139918306
MLP,teste,delta_depth_p50_m,0.19644713017376178,0.2782014541881603,0.11645313032470084,Sem IMU e atitude,IMU e atitude,32,84,56,0.1751227571153419,0.021324373058419888,12.176814372774476
MLP,teste,delta_depth_p90_m,0.942370733683384,1.6423328751820798,-0.24011941305727783,Sem IMU e atitude,IMU e atitude,32,84,56,0.9258965420762096,0.016474191607174338,1.779269157894572
MLP,teste,delta_depth_close_2m_pp,1.187001915364972,1.774712325180077,-0.1255272345838391,Sem IMU e atitude,IMU e atitude,32,84,56,1.0586362442217192,0.1283656711432528,12.125569273100393
MLP,teste,delta_depth_close_5m_pp,1.8642736826354558,2.8974402643803256,0.09374843312780451,Sem IMU e atitude,IMU e atitude,32,84,56,1.7378282747955924,0.12644540783986336,7.276058841586989
MLP,teste,delta_depth_close_10m_pp,0.8897301930545004,1.2329679803094058,0.11922979041363906,Sem IMU e atitude,IMU e atitude,32,84,56,0.828562366184958,0.06116782686954236,7.382404676570601
MLP,validacao,delta_depth_p10_m,0.06419008762357019,0.09480202682992658,0.2375759489582432,Sem Movimento,Movimento,47,21,19,0.062326611546142004,0.0018634760774281847,2.9898562286650305
MLP,validacao,delta_depth_p50_m,0.20555429480531637,0.30111706976919556,0.3203690214981793,Sem Movimento,Movimento,47,21,19,0.19989270995206693,0.005661584853249441,2.832311820979892
MLP,validacao,delta_depth_p90_m,1.1265261450784771,3.236731655209905,0.234443570424082,Sem Movimento,Movimento,47,21,19,1.159770854288838,-0.033244709210360934,-2.8664894524139695
MLP,validacao,delta_depth_close_2m_pp,1.205278344736914,1.930475905342602,0.2285163827369585,Sem Movimento,Movimento,47,21,19,1.1361823853793527,0.0690959593575613,6.081414414332017
MLP,validacao,delta_depth_close_5m_pp,1.4355366088956705,1.9357862928863692,0.377776334171164,Sem Movimento,Movimento,47,21,19,1.389594420885174,0.04594218801049643,3.3061580645402406
MLP,validacao,delta_depth_close_10m_pp,0.9190948564935003,1.2727745505622337,0.39218455726207424,Sem Movimento,Movimento,47,21,19,0.8821392088590073,0.036955647634492994,4.189321511090392
MLP,teste,delta_depth_p10_m,0.08718124062709787,0.23053652703106464,0.24707109597100085,Sem Movimento,Movimento,47,21,19,0.08872678624886957,-0.001545545621771699,-1.741915476839882
MLP,teste,delta_depth_p50_m,0.1756658112689694,0.2670639173036532,0.20953612941909536,Sem Movimento,Movimento,47,21,19,0.17948897800190336,-0.0038231667329339525,-2.1300286934016697
MLP,teste,delta_depth_p90_m,0.8939457508311806,1.5736982490435996,-0.07826881903788162,Sem Movimento,Movimento,47,21,19,0.9298173297268457,-0.03587157889566517,-3.8579167916996377
MLP,teste,delta_depth_close_2m_pp,1.0623692522513397,1.576283419830343,0.2553126162388642,Sem Movimento,Movimento,47,21,19,1.0235444487981558,0.038824803453183954,3.79317219674944
MLP,teste,delta_depth_close_5m_pp,1.7436207568581326,2.7342430067363694,0.3249705504648927,Sem Movimento,Movimento,47,21,19,1.7601244119324158,-0.016503655074283197,-0.9376413941196389
MLP,teste,delta_depth_close_10m_pp,0.8698746988596581,1.189986079217502,0.3689337692694104,Sem Movimento,Movimento,47,21,19,0.8161416257902834,0.05373307306937469,6.583792735402275
MLP,validacao,delta_depth_p10_m,0.06471195444738535,0.0932472928548038,0.3119115340921973,Sem Movimento,Movimento,47,42,46,0.0676433667978813,-0.002931412350495946,-4.333628690090221
MLP,validacao,delta_depth_p50_m,0.19921241432209225,0.28807774101832434,0.41258845667506766,Sem Movimento,Movimento,47,42,46,0.19678962808102368,0.002422786241068564,1.231155455038025
MLP,validacao,delta_depth_p90_m,1.1982396060164962,3.261718688009258,0.14098693445321764,Sem Movimento,Movimento,47,42,46,1.201333108853642,-0.003093502837145934,-0.25750583367321594
MLP,validacao,delta_depth_close_2m_pp,1.2098574855710682,1.882548617905321,0.3154779738964527,Sem Movimento,Movimento,47,42,46,1.1978100406351802,0.012047444935888052,1.0057892760273972
MLP,validacao,delta_depth_close_5m_pp,1.4242611263234934,1.8405736728759254,0.4690936422276049,Sem Movimento,Movimento,47,42,46,1.4182106781901573,0.006050448133336106,0.4266254814170033
MLP,validacao,delta_depth_close_10m_pp,0.8332641114050228,1.1776819030864625,0.5325121164269112,Sem Movimento,Movimento,47,42,46,0.8463452151436393,-0.013081103738616484,-1.5455990657897674
MLP,teste,delta_depth_p10_m,0.08862166443636332,0.23395174764407678,0.18170507490213628,Sem Movimento,Movimento,47,42,46,0.09632765321739462,-0.007705988781031292,-7.999768003939874
MLP,teste,delta_depth_p50_m,0.18548196075642678,0.2773119095821618,0.11281270128718004,Sem Movimento,Movimento,47,42,46,0.185302600462703,0.00017936029372378481,0.09679318761632046
MLP,teste,delta_depth_p90_m,0.9439005838382613,1.6200651244257704,-0.0885716489093464,Sem Movimento,Movimento,47,42,46,0.923135912076798,0.020764671761463238,2.2493623625527173
MLP,teste,delta_depth_close_2m_pp,1.0964819116733393,1.6447975709233114,0.1525366061704558,Sem Movimento,Movimento,47,42,46,1.0490709682790305,0.047410943394308847,4.519326606862935
MLP,teste,delta_depth_close_5m_pp,1.7822582320424114,2.8234840671678003,0.2198007835200177,Sem Movimento,Movimento,47,42,46,1.8219351858622643,-0.03967695381985292,-2.1777368441937783
MLP,teste,delta_depth_close_10m_pp,0.8351388215218941,1.1431136752648445,0.3603273073266854,Sem Movimento,Movimento,47,42,46,0.8544717183210602,-0.019332896799166055,-2.2625554930188914
MLP,validacao,delta_depth_p10_m,0.06465783550514476,0.09162310794654198,0.33578388898227685,Sem Movimento,Movimento,47,84,20,0.06367303980569178,0.0009847956994529783,1.5466447062339668
MLP,validacao,delta_depth_p50_m,0.2111310506677803,0.3025519796193176,0.2795514843905806,Sem Movimento,Movimento,47,84,20,0.2013256567365983,0.009805393931181988,4.870414476785114
MLP,validacao,delta_depth_p90_m,1.1400605485064743,3.2524950746620003,0.21407630949145642,Sem Movimento,Movimento,47,84,20,1.1526313451175905,-0.012570796611116153,-1.0906172788346036
MLP,validacao,delta_depth_close_2m_pp,1.1959332600705024,1.8998902917092926,0.3051664408772851,Sem Movimento,Movimento,47,84,20,1.120390941079035,0.07554231899146746,6.742496411003963
MLP,validacao,delta_depth_close_5m_pp,1.4155647360372206,1.908429465867059,0.4044769250328824,Sem Movimento,Movimento,47,84,20,1.3509588505785146,0.06460588545870594,4.7822245237921255
MLP,validacao,delta_depth_close_10m_pp,0.8885751776240581,1.2518330763790335,0.4163426316536064,Sem Movimento,Movimento,47,84,20,0.8709211434408002,0.01765403418325795,2.0270531168311177
MLP,teste,delta_depth_p10_m,0.08609242344279841,0.22645786163703366,0.33663329938505443,Sem Movimento,Movimento,47,84,20,0.09112127768098484,-0.005028854238186428,-5.518858345898554
MLP,teste,delta_depth_p50_m,0.1829300383898489,0.2726866329960673,0.17031300202658756,Sem Movimento,Movimento,47,84,20,0.1751227571153419,0.007807281274507,4.4581763119255
MLP,teste,delta_depth_p90_m,0.8787060234821996,1.5430128860730938,-0.05037059964339154,Sem Movimento,Movimento,47,84,20,0.9258965420762096,-0.04719051859401002,-5.096737750871286
MLP,teste,delta_depth_close_2m_pp,1.1146649890229419,1.6227424274198612,0.18977434186169834,Sem Movimento,Movimento,47,84,20,1.0586362442217192,0.05602874480122266,5.292539822534933
MLP,teste,delta_depth_close_5m_pp,1.7526569783147623,2.7737275047845116,0.2775000331457846,Sem Movimento,Movimento,47,84,20,1.7378282747955924,0.014828703519169872,0.8532893459173382
MLP,teste,delta_depth_close_10m_pp,0.8546405035757492,1.164677276731787,0.3491568563500369,Sem Movimento,Movimento,47,84,20,0.828562366184958,0.026078137390791123,3.147395833444089
MLP,validacao,delta_depth_p10_m,0.06288117895012887,0.09198230037327593,0.30657925148312676,Sem Optical flow e risco,Optical flow e risco,37,21,158,0.062326611546142004,0.0005545674039868706,0.8897762773070216
MLP,validacao,delta_depth_p50_m,0.1990867050145479,0.2799411398566506,0.5114835372519835,Sem Optical flow e risco,Optical flow e risco,37,21,158,0.19989270995206693,-0.0008060049375190337,-0.403218775568308
MLP,validacao,delta_depth_p90_m,1.1729402907852464,3.2849752282654565,0.06720000916979403,Sem Optical flow e risco,Optical flow e risco,37,21,158,1.159770854288838,0.013169436496408338,1.135520559747445
MLP,validacao,delta_depth_close_2m_pp,1.144836665916955,1.6312522210361062,0.6335853147313463,Sem Optical flow e risco,Optical flow e risco,37,21,158,1.1361823853793527,0.008654280537602421,0.7616981788282959
MLP,validacao,delta_depth_close_5m_pp,1.3808726401898586,1.7969670863998621,0.5423840793061216,Sem Optical flow e risco,Optical flow e risco,37,21,158,1.389594420885174,-0.008721780695315484,-0.627649374826915
MLP,validacao,delta_depth_close_10m_pp,0.8690554005411447,1.1870644290166903,0.5283799361381745,Sem Optical flow e risco,Optical flow e risco,37,21,158,0.8821392088590073,-0.0130838083178626,-1.483190882625623
MLP,teste,delta_depth_p10_m,0.08919418378946344,0.238043042531162,0.10882195098954699,Sem Optical flow e risco,Optical flow e risco,37,21,158,0.08872678624886957,0.0004673975405938696,0.5267829032856745
MLP,teste,delta_depth_p50_m,0.18858673135214982,0.27437270721013246,0.10062534447496482,Sem Optical flow e risco,Optical flow e risco,37,21,158,0.17948897800190336,0.009097753350246457,5.068697505286359
MLP,teste,delta_depth_p90_m,0.9261637538401509,1.5819010963971933,0.02361662581016216,Sem Optical flow e risco,Optical flow e risco,37,21,158,0.9298173297268457,-0.003653575886694793,-0.3929348023410267
MLP,teste,delta_depth_close_2m_pp,1.0422145822518902,1.6014390654753143,0.18189967136477123,Sem Optical flow e risco,Optical flow e risco,37,21,158,1.0235444487981558,0.018670133453734472,1.8240667003428053
MLP,teste,delta_depth_close_5m_pp,1.8028207708000294,2.8606581426901934,0.16130878900123294,Sem Optical flow e risco,Optical flow e risco,37,21,158,1.7601244119324158,0.04269635886761369,2.4257580076818526
MLP,teste,delta_depth_close_10m_pp,0.8443080168383065,1.1552998115798996,0.3257705843887683,Sem Optical flow e risco,Optical flow e risco,37,21,158,0.8161416257902834,0.0281663910480231,3.451164621183133
MLP,validacao,delta_depth_p10_m,0.0649732524260658,0.09479244163901675,0.31313706987723444,Sem Optical flow e risco,Optical flow e risco,37,42,52,0.0676433667978813,-0.0026701143718154963,-3.9473410301911946
MLP,validacao,delta_depth_p50_m,0.19659742409472955,0.2838024996544287,0.45225745846073423,Sem Optical flow e risco,Optical flow e risco,37,42,52,0.19678962808102368,-0.0001922039862941316,-0.09766977465651593
MLP,validacao,delta_depth_p90_m,1.1114049320123955,3.2507178992302395,0.1776590508442673,Sem Optical flow e risco,Optical flow e risco,37,42,52,1.201333108853642,-0.08992817684124654,-7.485698694099878
MLP,validacao,delta_depth_close_2m_pp,1.144408786786816,1.695170953560287,0.5666654364745417,Sem Optical flow e risco,Optical flow e risco,37,42,52,1.1978100406351802,-0.05340125384836414,-4.458240625537441
MLP,validacao,delta_depth_close_5m_pp,1.3656765986959833,1.7588789043338333,0.545784870527527,Sem Optical flow e risco,Optical flow e risco,37,42,52,1.4182106781901573,-0.05253407949417399,-3.7042507366546626
MLP,validacao,delta_depth_close_10m_pp,0.8604541075476685,1.1684962623672739,0.5834648471236931,Sem Optical flow e risco,Optical flow e risco,37,42,52,0.8463452151436393,0.014108892404029238,1.6670375340439205
MLP,teste,delta_depth_p10_m,0.09100271533366974,0.23043691007230976,0.24385166208925277,Sem Optical flow e risco,Optical flow e risco,37,42,52,0.09632765321739462,-0.005324937883724873,-5.527943125228456
MLP,teste,delta_depth_p50_m,0.18799966490490638,0.28027312802787824,0.07638544382490271,Sem Optical flow e risco,Optical flow e risco,37,42,52,0.185302600462703,0.002697064442203384,1.4554919550339709
MLP,teste,delta_depth_p90_m,0.9340428181222957,1.6019152714794491,0.003746581641627324,Sem Optical flow e risco,Optical flow e risco,37,42,52,0.923135912076798,0.01090690604549771,1.1815059844178544
MLP,teste,delta_depth_close_2m_pp,1.0734410606896843,1.6087300880483983,0.1812748505380324,Sem Optical flow e risco,Optical flow e risco,37,42,52,1.0490709682790305,0.0243700924106538,2.3230165687105235
MLP,teste,delta_depth_close_5m_pp,1.7353890261623979,2.790463792436098,0.25209251202378385,Sem Optical flow e risco,Optical flow e risco,37,42,52,1.8219351858622643,-0.08654615969986645,-4.750232630196825
MLP,teste,delta_depth_close_10m_pp,0.8568507355522981,1.1592838873542657,0.3369364756408922,Sem Optical flow e risco,Optical flow e risco,37,42,52,0.8544717183210602,0.002379017231237901,0.2784196574595119
MLP,validacao,delta_depth_p10_m,0.06344340993694071,0.09317713149180316,0.322678650005913,Sem Optical flow e risco,Optical flow e risco,37,84,28,0.06367303980569178,-0.00022962986875106617,-0.3606390859488059
MLP,validacao,delta_depth_p50_m,0.19866982399321653,0.28547828766950206,0.44671427244659284,Sem Optical flow e risco,Optical flow e risco,37,84,28,0.2013256567365983,-0.0026558327433817697,-1.3191725219883388
MLP,validacao,delta_depth_p90_m,1.1583417939462808,3.2860878692168303,0.059543673307065226,Sem Optical flow e risco,Optical flow e risco,37,84,28,1.1526313451175905,0.005710448828690318,0.4954271678346335
MLP,validacao,delta_depth_close_2m_pp,1.1248992789848298,1.6571848188628953,0.5975494106542371,Sem Optical flow e risco,Optical flow e risco,37,84,28,1.120390941079035,0.004508337905794857,0.4023897142057335
MLP,validacao,delta_depth_close_5m_pp,1.3599260645598406,1.8225742647381096,0.49456402582532905,Sem Optical flow e risco,Optical flow e risco,37,84,28,1.3509588505785146,0.008967213981325939,0.663766626014253
MLP,validacao,delta_depth_close_10m_pp,0.867385041710205,1.195464638303195,0.5585463378454945,Sem Optical flow e risco,Optical flow e risco,37,84,28,0.8709211434408002,-0.0035361017305951536,-0.40601858816113545
MLP,teste,delta_depth_p10_m,0.0883033204202002,0.22971040373896506,0.26509080440225186,Sem Optical flow e risco,Optical flow e risco,37,84,28,0.09112127768098484,-0.00281795726078464,-3.0925348420270127
MLP,teste,delta_depth_p50_m,0.18006069930468468,0.27015981846856707,0.1634144672579057,Sem Optical flow e risco,Optical flow e risco,37,84,28,0.1751227571153419,0.004937942189342792,2.819703315937684
MLP,teste,delta_depth_p90_m,0.8899990641103285,1.5360696140778647,0.0496026450307592,Sem Optical flow e risco,Optical flow e risco,37,84,28,0.9258965420762096,-0.035897477965881164,-3.877050656802915
MLP,teste,delta_depth_close_2m_pp,1.0210750954317924,1.5540357155190838,0.2714823184387103,Sem Optical flow e risco,Optical flow e risco,37,84,28,1.0586362442217192,-0.03756114878992678,-3.5480694143001617
MLP,teste,delta_depth_close_5m_pp,1.7256604668583988,2.743990068913912,0.3158766467540496,Sem Optical flow e risco,Optical flow e risco,37,84,28,1.7378282747955924,-0.012167807937193631,-0.7001732054696163
MLP,teste,delta_depth_close_10m_pp,0.8335163222117773,1.1412831456820423,0.43813528110411254,Sem Optical flow e risco,Optical flow e risco,37,84,28,0.828562366184958,0.004953956026819251,0.5978977840412064
MLP,validacao,delta_depth_p10_m,0.058810198517959204,0.08996063021273319,0.36618583499277385,Sem Sincronizacao,Sincronizacao,49,21,41,0.062326611546142004,-0.0035164130281827993,-5.641912725480845
MLP,validacao,delta_depth_p50_m,0.20178346377523507,0.29391350608468103,0.3738642465544167,Sem Sincronizacao,Sincronizacao,49,21,41,0.19989270995206693,0.0018907538231681398,0.9458843314603775
MLP,validacao,delta_depth_p90_m,1.1957541446806477,3.22888315547937,0.20653966552137856,Sem Sincronizacao,Sincronizacao,49,21,41,1.159770854288838,0.035983290391809586,3.102620682244532
MLP,validacao,delta_depth_close_2m_pp,1.1501913648629425,1.6851925810179826,0.5754505641189742,Sem Sincronizacao,Sincronizacao,49,21,41,1.1361823853793527,0.014008979483589812,1.232986857027575
MLP,validacao,delta_depth_close_5m_pp,1.426263289770406,1.8512163256019265,0.4669652099706675,Sem Sincronizacao,Sincronizacao,49,21,41,1.389594420885174,0.03666886888523191,2.6388180849109757
MLP,validacao,delta_depth_close_10m_pp,0.8697454474584768,1.1692849880138019,0.6080486473332333,Sem Sincronizacao,Sincronizacao,49,21,41,0.8821392088590073,-0.0123937614005305,-1.4049666170672843
MLP,teste,delta_depth_p10_m,0.0879580440462861,0.239103125098988,0.054168740392378185,Sem Sincronizacao,Sincronizacao,49,21,41,0.08872678624886957,-0.0007687422025834667,-0.8664150197294687
MLP,teste,delta_depth_p50_m,0.18210115302552252,0.2703852718429569,0.19047936952519304,Sem Sincronizacao,Sincronizacao,49,21,41,0.17948897800190336,0.0026121750236191565,1.4553400730776105
MLP,teste,delta_depth_p90_m,0.9718293459761511,1.6319057178749172,-0.09712759552309876,Sem Sincronizacao,Sincronizacao,49,21,41,0.9298173297268457,0.042012016249305395,4.518308586660495
MLP,teste,delta_depth_close_2m_pp,1.0646233078392044,1.733420011249415,-0.024680384351056676,Sem Sincronizacao,Sincronizacao,49,21,41,1.0235444487981558,0.04107885904104869,4.013392783213608
MLP,teste,delta_depth_close_5m_pp,1.7198228731211473,2.8203787066373263,0.22434998505018874,Sem Sincronizacao,Sincronizacao,49,21,41,1.7601244119324158,-0.04030153881126841,-2.289698304168279
MLP,teste,delta_depth_close_10m_pp,0.8339990060149501,1.1277135214671312,0.48993371298684024,Sem Sincronizacao,Sincronizacao,49,21,41,0.8161416257902834,0.017857380224666763,2.188024683507004
MLP,validacao,delta_depth_p10_m,0.06289127915275819,0.09463271205720182,0.3598976665647435,Sem Sincronizacao,Sincronizacao,49,42,101,0.0676433667978813,-0.00475208764512311,-7.025208634754048
MLP,validacao,delta_depth_p50_m,0.1978303459527738,0.2845713917813606,0.4319958587000218,Sem Sincronizacao,Sincronizacao,49,42,101,0.19678962808102368,0.001040717871750113,0.5288479285715307
MLP,validacao,delta_depth_p90_m,1.1643957177530813,3.3173784780136604,0.013162343665024497,Sem Sincronizacao,Sincronizacao,49,42,101,1.201333108853642,-0.036937391100560824,-3.074700166701298
MLP,validacao,delta_depth_close_2m_pp,1.1887914941170226,1.6470383444911023,0.5676708341825413,Sem Sincronizacao,Sincronizacao,49,42,101,1.1978100406351802,-0.009018546518157589,-0.7529195959465487
MLP,validacao,delta_depth_close_5m_pp,1.3766203818883855,1.8062364306201621,0.4989910414486351,Sem Sincronizacao,Sincronizacao,49,42,101,1.4182106781901573,-0.0415902963017718,-2.9325894199899167
MLP,validacao,delta_depth_close_10m_pp,0.8614723733524443,1.1430110699627691,0.5566703738667118,Sem Sincronizacao,Sincronizacao,49,42,101,0.8463452151436393,0.015127158208805058,1.7873508277869474
MLP,teste,delta_depth_p10_m,0.09982734551836328,0.2593556758328918,-0.14585843525953804,Sem Sincronizacao,Sincronizacao,49,42,101,0.09632765321739462,0.0034996923009686653,3.633112802063675
MLP,teste,delta_depth_p50_m,0.18626788989739848,0.2754933796825234,0.13514124551884363,Sem Sincronizacao,Sincronizacao,49,42,101,0.185302600462703,0.0009652894346954821,0.5209260055094433
MLP,teste,delta_depth_p90_m,0.9040771901243406,1.6125244255888578,-0.026372387818173814,Sem Sincronizacao,Sincronizacao,49,42,101,0.923135912076798,-0.01905872195245739,-2.0645629428044447
MLP,teste,delta_depth_close_2m_pp,1.1303170132413605,1.9737980891679001,-0.17564972364801199,Sem Sincronizacao,Sincronizacao,49,42,101,1.0490709682790305,0.08124604496233001,7.744570903111704
MLP,teste,delta_depth_close_5m_pp,1.8415740601727095,3.004780831914748,0.038636447531937734,Sem Sincronizacao,Sincronizacao,49,42,101,1.8219351858622643,0.019638874310445198,1.077912895191754
MLP,teste,delta_depth_close_10m_pp,0.8598496117958851,1.186777853894728,0.24648310302980062,Sem Sincronizacao,Sincronizacao,49,42,101,0.8544717183210602,0.00537789347482498,0.6293822673723981
MLP,validacao,delta_depth_p10_m,0.06261419924797351,0.09430930501038944,0.3014195615382315,Sem Sincronizacao,Sincronizacao,49,84,26,0.06367303980569178,-0.0010588405577182658,-1.6629338899940744
MLP,validacao,delta_depth_p50_m,0.20717360016835087,0.297810801811263,0.35305831215603356,Sem Sincronizacao,Sincronizacao,49,84,26,0.2013256567365983,0.0058479434317525725,2.9047184181813694
MLP,validacao,delta_depth_p90_m,1.1011863378892432,3.219018114563032,0.32264582720769586,Sem Sincronizacao,Sincronizacao,49,84,26,1.1526313451175905,-0.05144500722834722,-4.463266372744604
MLP,validacao,delta_depth_close_2m_pp,1.1736362667333142,1.7917292352802945,0.4635470098662568,Sem Sincronizacao,Sincronizacao,49,84,26,1.120390941079035,0.05324532565427931,4.752388090803321
MLP,validacao,delta_depth_close_5m_pp,1.4199080703881062,1.8394040249132346,0.4832362613794703,Sem Sincronizacao,Sincronizacao,49,84,26,1.3509588505785146,0.06894921980959157,5.103724645651921
MLP,validacao,delta_depth_close_10m_pp,0.8818281066611663,1.2036289155973947,0.5138563695318595,Sem Sincronizacao,Sincronizacao,49,84,26,0.8709211434408002,0.010906963220366106,1.2523479654283411
MLP,teste,delta_depth_p10_m,0.09109821479168304,0.23449469369545708,0.16225743230061665,Sem Sincronizacao,Sincronizacao,49,84,26,0.09112127768098484,-2.3062889301803113e-05,-0.0253101030722442
MLP,teste,delta_depth_p50_m,0.17930342411582775,0.26815549212342943,0.16329064336908944,Sem Sincronizacao,Sincronizacao,49,84,26,0.1751227571153419,0.00418066700048586,2.387277969665775
MLP,teste,delta_depth_p90_m,0.9025988982943323,1.5617637261446773,-0.0526202819298651,Sem Sincronizacao,Sincronizacao,49,84,26,0.9258965420762096,-0.023297643781877375,-2.5162253797422403
MLP,teste,delta_depth_close_2m_pp,1.066146182206873,1.6349739256592628,0.1595232003429548,Sem Sincronizacao,Sincronizacao,49,84,26,1.0586362442217192,0.007509937985153758,0.7093973993564582
MLP,teste,delta_depth_close_5m_pp,1.7673124965215894,2.813410300323583,0.2244649112355533,Sem Sincronizacao,Sincronizacao,49,84,26,1.7378282747955924,0.029484221725996962,1.6966130746989352
MLP,teste,delta_depth_close_10m_pp,0.8373293611154449,1.1722876193518983,0.3278409160533888,Sem Sincronizacao,Sincronizacao,49,84,26,0.828562366184958,0.008766994930486827,1.0580971678515496
