modelo,split,alvo_delta,MAE,RMSE,corr,marco_runs,estrategia_split
MLP,treino,delta_depth_p10_m,0.005432532542291448,0.016506139200670383,0.9970752441660072,7,validacao_teste_fixos
MLP,treino,delta_depth_p50_m,0.003218922716513939,0.005326819902178987,0.999949152694297,7,validacao_teste_fixos
MLP,treino,delta_depth_p90_m,0.00894226292873212,0.015173929925197536,0.9999398891786654,7,validacao_teste_fixos
MLP,treino,delta_depth_close_2m_pp,0.04071774656394773,0.1504735546224068,0.9988173685474324,7,validacao_teste_fixos
MLP,treino,delta_depth_close_5m_pp,0.03687533479082939,0.0713045581890187,0.9998345517137542,7,validacao_teste_fixos
MLP,treino,delta_depth_close_10m_pp,0.018491294905346897,0.04942356590765177,0.9996790615241767,7,validacao_teste_fixos
Media treino,treino,delta_depth_p10_m,0.10204700904331448,0.2159722064637428,,7,validacao_teste_fixos
Media treino,treino,delta_depth_p50_m,0.2926115839004516,0.5273808246844301,,7,validacao_teste_fixos
Media treino,treino,delta_depth_p90_m,0.8680039397215392,1.3819153097215287,,7,validacao_teste_fixos
Media treino,treino,delta_depth_close_2m_pp,1.6501315546808144,3.094733024500136,,7,validacao_teste_fixos
Media treino,treino,delta_depth_close_5m_pp,2.281284755396967,3.917850401983838,,7,validacao_teste_fixos
Media treino,treino,delta_depth_close_10m_pp,1.2138052209087546,1.9501378522574222,,7,validacao_teste_fixos
MLP,validacao,delta_depth_p10_m,0.10604544258750552,0.13896170641048072,0.2128509407751473,7,validacao_teste_fixos
MLP,validacao,delta_depth_p50_m,0.3765485538929365,0.43992917744248333,0.28275387406549946,7,validacao_teste_fixos
MLP,validacao,delta_depth_p90_m,2.205035305513259,2.6420904993483902,-0.3243911121849093,7,validacao_teste_fixos
MLP,validacao,delta_depth_close_2m_pp,2.6825146847465766,3.429925444637799,0.6071866470351384,7,validacao_teste_fixos
MLP,validacao,delta_depth_close_5m_pp,3.0652192297315994,3.71313488259078,0.3596686867300166,7,validacao_teste_fixos
MLP,validacao,delta_depth_close_10m_pp,2.5658959359713833,3.1132317769310283,0.024539256442623746,7,validacao_teste_fixos
Media treino,validacao,delta_depth_p10_m,0.0702018481247596,0.08384888721552639,,7,validacao_teste_fixos
Media treino,validacao,delta_depth_p50_m,0.14133248080287064,0.20461715022520283,,7,validacao_teste_fixos
Media treino,validacao,delta_depth_p90_m,0.9862431701829529,1.4729209176088887,,7,validacao_teste_fixos
Media treino,validacao,delta_depth_close_2m_pp,1.419789798087359,1.9158492396942515,,7,validacao_teste_fixos
Media treino,validacao,delta_depth_close_5m_pp,1.1498748264260172,1.4240368084060526,,7,validacao_teste_fixos
Media treino,validacao,delta_depth_close_10m_pp,0.9520349772410007,1.0969909260561588,,7,validacao_teste_fixos
MLP,teste,delta_depth_p10_m,0.07432217303415488,0.11560728071988066,0.34816834249022227,7,validacao_teste_fixos
MLP,teste,delta_depth_p50_m,0.3721349785583368,0.5864540857447706,0.38419123746092154,7,validacao_teste_fixos
MLP,teste,delta_depth_p90_m,1.8689483893947305,3.7746100252759964,-0.26294760600528033,7,validacao_teste_fixos
MLP,teste,delta_depth_close_2m_pp,2.270936888567983,3.2496865616446384,0.328586089655,7,validacao_teste_fixos
MLP,teste,delta_depth_close_5m_pp,2.1291020101737037,2.904699891492316,0.2807250613885864,7,validacao_teste_fixos
MLP,teste,delta_depth_close_10m_pp,2.0634577807535535,2.8365889774471253,-0.09563648949014854,7,validacao_teste_fixos
Media treino,teste,delta_depth_p10_m,0.0478522202840665,0.0674293432588481,,7,validacao_teste_fixos
Media treino,teste,delta_depth_p50_m,0.13565817990236814,0.21772164045544354,,7,validacao_teste_fixos
Media treino,teste,delta_depth_p90_m,1.06514064108754,3.0424146824892793,,7,validacao_teste_fixos
Media treino,teste,delta_depth_close_2m_pp,1.1637712403806655,1.8794548990064062,,7,validacao_teste_fixos
Media treino,teste,delta_depth_close_5m_pp,0.9973380051753035,1.3863925039551621,,7,validacao_teste_fixos
Media treino,teste,delta_depth_close_10m_pp,0.924605269262342,1.3776350771955448,,7,validacao_teste_fixos
MLP,treino,delta_depth_p10_m,0.043418217980842166,0.0684533039725244,0.9512713283634356,20,validacao_teste_fixos
MLP,treino,delta_depth_p50_m,0.07751654737477832,0.11690375098819708,0.9385018335019055,20,validacao_teste_fixos
MLP,treino,delta_depth_p90_m,0.4129930708759301,0.6262049455666033,0.924871289642877,20,validacao_teste_fixos
MLP,treino,delta_depth_close_2m_pp,0.48056396385880706,0.7976223907961685,0.9315783184956453,20,validacao_teste_fixos
MLP,treino,delta_depth_close_5m_pp,0.6156907630823746,0.9288682937125083,0.9438307716101565,20,validacao_teste_fixos
MLP,treino,delta_depth_close_10m_pp,0.4400154971802592,0.6723367423137292,0.8670729927896492,20,validacao_teste_fixos
Media treino,treino,delta_depth_p10_m,0.08553895414276752,0.22199486388885756,,20,validacao_teste_fixos
Media treino,treino,delta_depth_p50_m,0.2084947585638194,0.33857931169293415,,20,validacao_teste_fixos
Media treino,treino,delta_depth_p90_m,0.9295191634378918,1.6466913126338036,,20,validacao_teste_fixos
Media treino,treino,delta_depth_close_2m_pp,1.287213566777022,2.1940374958208286,,20,validacao_teste_fixos
Media treino,treino,delta_depth_close_5m_pp,1.7461521694296251,2.8110854247760524,,20,validacao_teste_fixos
Media treino,treino,delta_depth_close_10m_pp,0.9115682480519752,1.3495799122253542,,20,validacao_teste_fixos
MLP,validacao,delta_depth_p10_m,0.1565931235926156,0.21311764237714978,0.1670330191053324,20,validacao_teste_fixos
MLP,validacao,delta_depth_p50_m,0.5682182887233131,0.7325990261181897,0.3071705776053348,20,validacao_teste_fixos
MLP,validacao,delta_depth_p90_m,1.984727066687221,2.437100616061337,0.24506350432058777,20,validacao_teste_fixos
MLP,validacao,delta_depth_close_2m_pp,3.52611618658132,4.56263162891356,0.22109023886824034,20,validacao_teste_fixos
MLP,validacao,delta_depth_close_5m_pp,4.794820637476211,6.3342398062001095,0.2589761730443553,20,validacao_teste_fixos
MLP,validacao,delta_depth_close_10m_pp,2.0827211742128418,2.776206790785387,0.14375936727195845,20,validacao_teste_fixos
Media treino,validacao,delta_depth_p10_m,0.07068301654928558,0.08766797650213369,,20,validacao_teste_fixos
Media treino,validacao,delta_depth_p50_m,0.14137270457283674,0.20463661143064354,,20,validacao_teste_fixos
Media treino,validacao,delta_depth_p90_m,1.0149630305853332,1.503153680469626,,20,validacao_teste_fixos
Media treino,validacao,delta_depth_close_2m_pp,1.4076672025046306,1.9730529608779395,,20,validacao_teste_fixos
Media treino,validacao,delta_depth_close_5m_pp,1.1562253910381468,1.4403690356386274,,20,validacao_teste_fixos
Media treino,validacao,delta_depth_close_10m_pp,0.9416978485983483,1.0751858050405776,,20,validacao_teste_fixos
MLP,teste,delta_depth_p10_m,0.1391064804745461,0.24332294706736537,0.11873772189548033,20,validacao_teste_fixos
MLP,teste,delta_depth_p50_m,0.27105877997172184,0.40957946609674134,0.14404716046662563,20,validacao_teste_fixos
MLP,teste,delta_depth_p90_m,1.339056740597704,3.0350546052152994,0.06332335852570058,20,validacao_teste_fixos
MLP,teste,delta_depth_close_2m_pp,2.4842964586588665,3.487254928525771,0.1728214335724418,20,validacao_teste_fixos
MLP,teste,delta_depth_close_5m_pp,2.332325797692451,3.5252413809142276,0.05502759097730779,20,validacao_teste_fixos
MLP,teste,delta_depth_close_10m_pp,1.1595927499730996,1.494885301160287,0.11068485370183355,20,validacao_teste_fixos
Media treino,teste,delta_depth_p10_m,0.04840583692121978,0.06806216016788864,,20,validacao_teste_fixos
Media treino,teste,delta_depth_p50_m,0.1355308046308088,0.21773583248413278,,20,validacao_teste_fixos
Media treino,teste,delta_depth_p90_m,0.9905801453753993,2.9939640749258167,,20,validacao_teste_fixos
Media treino,teste,delta_depth_close_2m_pp,1.0836324556072314,1.8215420900575015,,20,validacao_teste_fixos
Media treino,teste,delta_depth_close_5m_pp,0.9615198304917604,1.3698652877101538,,20,validacao_teste_fixos
Media treino,teste,delta_depth_close_10m_pp,0.917027431688508,1.362906400175852,,20,validacao_teste_fixos
MLP,treino,delta_depth_p10_m,0.05385205939292323,0.09557350867452184,0.910043614247929,33,validacao_teste_fixos
MLP,treino,delta_depth_p50_m,0.0974977034552436,0.1501129282991917,0.9119573975704286,33,validacao_teste_fixos
MLP,treino,delta_depth_p90_m,0.7456279950206366,1.3031206173320644,0.8815383575102654,33,validacao_teste_fixos
MLP,treino,delta_depth_close_2m_pp,0.8201912138812949,1.3903392645952966,0.8598037724079919,33,validacao_teste_fixos
MLP,treino,delta_depth_close_5m_pp,0.7453939558424529,1.1498153786327283,0.9279134728904987,33,validacao_teste_fixos
MLP,treino,delta_depth_close_10m_pp,0.5177743062223956,0.7731245722797879,0.85986403343835,33,validacao_teste_fixos
Media treino,treino,delta_depth_p10_m,0.09295222474144064,0.2305682114522611,,33,validacao_teste_fixos
Media treino,treino,delta_depth_p50_m,0.22740697183449377,0.36587258344652146,,33,validacao_teste_fixos
Media treino,treino,delta_depth_p90_m,1.225020068312834,2.760172442435859,,33,validacao_teste_fixos
Media treino,treino,delta_depth_close_2m_pp,1.5032549624681553,2.722818441579312,,33,validacao_teste_fixos
Media treino,treino,delta_depth_close_5m_pp,1.8562854827606858,3.084294792837186,,33,validacao_teste_fixos
Media treino,treino,delta_depth_close_10m_pp,0.9958325454516238,1.5143628241840204,,33,validacao_teste_fixos
MLP,validacao,delta_depth_p10_m,0.130753426814835,0.1592549078056079,0.20062269587038056,33,validacao_teste_fixos
MLP,validacao,delta_depth_p50_m,0.699298743386008,0.9553850869358661,-0.10254482741929918,33,validacao_teste_fixos
MLP,validacao,delta_depth_p90_m,3.7316396781213212,8.023176724057064,-0.15478698628717932,33,validacao_teste_fixos
MLP,validacao,delta_depth_close_2m_pp,2.0139232573521118,2.4335711064405356,0.5753201342581516,33,validacao_teste_fixos
MLP,validacao,delta_depth_close_5m_pp,4.300243120626161,6.142875476112855,0.08713374891363285,33,validacao_teste_fixos
MLP,validacao,delta_depth_close_10m_pp,2.882902156631835,4.146003637689263,-0.4310368274402144,33,validacao_teste_fixos
Media treino,validacao,delta_depth_p10_m,0.07116216610810577,0.0893849332859713,,33,validacao_teste_fixos
Media treino,validacao,delta_depth_p50_m,0.14498142912136996,0.20606256306272783,,33,validacao_teste_fixos
Media treino,validacao,delta_depth_p90_m,1.036650410240922,1.5227780199660517,,33,validacao_teste_fixos
Media treino,validacao,delta_depth_close_2m_pp,1.4105399375571888,2.022673061546818,,33,validacao_teste_fixos
Media treino,validacao,delta_depth_close_5m_pp,1.1628737991242377,1.467936543571654,,33,validacao_teste_fixos
Media treino,validacao,delta_depth_close_10m_pp,0.9447960555171832,1.0758474614353963,,33,validacao_teste_fixos
MLP,teste,delta_depth_p10_m,0.10159896027474773,0.16681403013455062,0.596886237104146,33,validacao_teste_fixos
MLP,teste,delta_depth_p50_m,0.47787902568257534,0.740167830402621,0.4638854709825498,33,validacao_teste_fixos
MLP,teste,delta_depth_p90_m,1.7432071688697983,3.271700464597423,0.10736036462322758,33,validacao_teste_fixos
MLP,teste,delta_depth_close_2m_pp,2.297298187837743,3.550808201155579,0.641939943597583,33,validacao_teste_fixos
MLP,teste,delta_depth_close_5m_pp,3.313513439054977,5.115595906161487,0.4384256693532914,33,validacao_teste_fixos
MLP,teste,delta_depth_close_10m_pp,2.0677014403211165,3.13183247815604,0.2858737782283775,33,validacao_teste_fixos
Media treino,teste,delta_depth_p10_m,0.05103992029214673,0.06893592889558411,,33,validacao_teste_fixos
Media treino,teste,delta_depth_p50_m,0.14380171917279747,0.21897395366912806,,33,validacao_teste_fixos
Media treino,teste,delta_depth_p90_m,1.0106681418649803,2.978814383631028,,33,validacao_teste_fixos
Media treino,teste,delta_depth_close_2m_pp,1.118680086003275,1.7990182485102537,,33,validacao_teste_fixos
Media treino,teste,delta_depth_close_5m_pp,0.9885555350478734,1.3638327202681757,,33,validacao_teste_fixos
Media treino,teste,delta_depth_close_10m_pp,0.9446267671146416,1.3642939138022965,,33,validacao_teste_fixos
